ISBN,Genres
9780307785084,Fiction
9783856309008,Philosophy
,Botany
,Fiction
,Fiction
9781473205321,Discworld (Imaginary place)
9781517317492,
9780866119948,Juvenile Fiction
,Fiction
9781409057970,Fiction
9781404324336,Juvenile Fiction
9786052259191,Fiction
9781526634054,Fiction
9781625584083,Fiction
9783754991930,Fiction
9781722525439,Fiction
9798590094356,
,Juvenile Fiction
,
,Fiction
9781551112435,Fiction
9788120754348,
,"Dracula, Count (Fictitious character)"
,English fiction
,Interplanetary voyages
9783963619496,Fiction
9781446424049,Fiction
9781853260438,Fiction
9780345803054,Fiction
9780191662249,Literary Criticism
9780671039738,Fiction
9780743246392,Fiction
9780571248209,Fiction
,
,Fiction
,Fiction
9780399529207,Fiction
,Fiction
9780553149814,Detective and mystery stories
,Fiction
9780451161390,Fiction
9780192838650,Apocalyptic fantasies
9781407021010,Fiction
9780192823823,Detective and mystery stories
9781523098026,
9781529029734,Fiction
,
,Fiction
9783190001507,
9781943133222,Fiction
9780521280419,Fiction
,Fiction
9781387021932,Fiction
9781529038224,Fiction
,
,Fiction
9781987503890,
,Fiction in English
,
9781509847389,Juvenile Fiction
9780307816412,Fiction
,Literary Criticism
9781722524722,Fiction
,American literature
9780873953627,Fiction
9781904633853,Fiction
9780899662305,Fiction
9781877527180,Fiction
9782253053545,Fiction
9789176393376,Fiction
9788728187494,Fiction
9781409083948,Fiction
9786021637838,Juvenile Fiction
9788184301724,Fiction
9783825347604,Language Arts & Disciplines
9780575073340,Dune (Imaginary place)
,Fiction
9781528787604,Juvenile Fiction
9781853260919,Fiction
9788026882022,Young Adult Fiction
9780786880935,Fiction
9781603034012,
9780748112517,Juvenile Fiction
9780199217946,Fiction
9781625581440,Fiction
,Juvenile Fiction
,Executions and executioners
9786155529948,Fiction
,Fiction
,Fiction
9780307430489,Fiction
9780369409157,Fiction
9780451201201,Fiction
9780553214321,Fiction
,Fiction
9781407133171,Juvenile Fiction
9780721450322,Juvenile Fiction
,English periodicals
9780689820007,"Chancellorsville, Battle of, Chancellorsville, Va., 1863"
9780141378503,Juvenile Fiction
